Type,Numéro,Alias,Alias structuré,Libellé,Compte provisoire 2014,Budget voté 2015,2016,2017,2018,2019,Mention
Chapitre,Ier,Ier,Ier,RECETTES COURANTES,12 134 839 892,12 304 543 548,12 976 352 372,13 297 837 395,13 848 851 239,14 319 702 069,
Département,64,64,64,Ministère des Finances,11 864 706 521,12 063 315 802,12 718 586 676,13 038 122 114,13 588 243 253,14 058 274 253,
Section,64.0,640,64.0,Impôts directs,6 226 705 528,6 827 181 405,7 221 230 595,7 639 529 909,8 086 945 231,8 516 420 250,
Article,37.000,640 37000,64.0.37.000,Impôt général sur le revenu: impôt sur le revenu des collectivités,1 475 499 899,1 592 000 000,1 569 000 000,1 637 000 000,1 694 000 000,1 755 000 000,
Article,37.001,640 37001,64.0.37.001,Produit de l'impôt de solidarité prélevé moyennant une majoration de l'impôt sur le revenu des collectivités,111 059 132,119 827 957,118 096 774,123 215 054,127 505 376,132 096 774,
Article,37.010,640 37010,64.0.37.010,Impôt général sur le revenu: impôt sur le revenu des personnes physiques fixé par voie d'assiette,663 517 248,741 000 000,755 000 000,785 000 000,815 000 000,845 000 000,
Article,37.011,640 37011,64.0.37.011,Impôt général sur le revenu: impôt retenu sur les traitements et salaires,3 012 565 595,3 330 000 000,3 564 500 000,3 807 500 000,4 082 000 000,4 340 500 000,
Article,37.012,640 37012,64.0.37.012,Impôt général sur le revenu: impôt retenu sur certains revenus échus à des contribuables non résidents,1 272 137,1 500 000,1 500 000,1 500 000,1 500 000,1 500 000,
Article,37.013,640 37013,64.0.37.013,Produit de l'impôt de solidarité prélevé moyennant une majoration de l'impôt sur le revenu des personnes physiques,285 213 324,315 853 448,335 133 621,356 314 655,379 939 655,402 323 276,
Article,37.020,640 37020,64.0.37.020,Impôt général sur le revenu: impôt retenu sur les revenus de capitaux,255 848 646,240 000 000,260 000 000,280 000 000,295 000 000,310 000 000,
Article,37.021,640 37021,64.0.37.021,Impôt sur la fortune,273 964 378,285 000 000,430 000 000,453 000 000,482 000 000,507 000 000,
Article,37.022,640 37022,64.0.37.022,Impôt retenu sur les revenus de l'épargne (non résidents),39 695 864,40 000 000,100,100,100,100,
Article,37.023,640 37023,64.0.37.023,"Recouvrement des impôts relevant de l'administration des contributions: frais, suppléments et intérêts de retard",16 163 635,15 000 000,16 000 000,17 000 000,18 000 000,19 000 000,
Article,37.024,640 37024,64.0.37.024,"Recouvrement des impôts relevant de l'administration des contributions: produit d'amendes, d'astreintes et recettes analogues",5 458 259,2 000 000,5 000 000,5 000 000,6 000 000,6 000 000,
Article,37.025,640 37025,64.0.37.025,Impôt sur le revenu retenu sur les tantièmes,58 208 495,40 000 000,42 000 000,44 000 000,46 000 000,48 000 000,
Article,37.026,640 37026,64.0.37.026,Retenue libératoire nationale sur les intérêts,26 559 793,25 000 000,25 000 000,25 000 000,30 000 000,35 000 000,
Article,37.027,640 37027,64.0.37.027,Contributions de crise,1 679 123,0,100,100,100,100,
Article,37.028,640 37028,64.0.37.028,Impôt d'équilibrage budgétaire temporaire,,80 000 000,100 000 000,105 000 000,110 000 000,115 000 000,
Section,64.1,641,64.1,Impôts indirects,15 462 850,21 200 000,22 200 000,22 200 000,22 200 000,22 200 000,
Article,36.090,641 36090,64.1.36.090,Taxe et prélèvement sur les paris relatifs aux épreuves sportives: prélèvement sur les sommes brutes engagées,322 930,200 000,200 000,200 000,200 000,200 000,
Article,36.092,641 36092,64.1.36.092,Prélèvement sur le produit des jeux de casino,15 139 920,21 000 000,22 000 000,22 000 000,22 000 000,22 000 000,
Section,64.2,642,64.2,"Recettes d'exploitation, taxes et redevances",848 806,4 593 200,3 672 300,3 670 200,4 174 100,4 175 000,
Article,16.010,642 16010,64.2.16.010,Recettes provenant de l'exploitation des centrales hydro-électriques,820 600,300 000,140 000,140 000,140 000,140 000,
Article,16.070,642 16070,64.2.16.070,Taxe pour frais administratifs et produit de la vente d'objets divers,180,3 750 000,3 500 000,3 500 000,4 000 000,4 000 000,
Article,36.100,642 36100,64.2.36.100,ILNAS: recettes du service de métrologie,13 566,18 000,18 000,15 000,18 000,18 000,
Article,38.000,642 38000,64.2.38.000,ILNAS: Imputation des recettes de redevances d'accréditation,14 400,14 100,14 100,15 000,15 900,16 800,
Article,38.040,642 38040,64.2.38.040,Autres transferts de revenus des ménages,,484 000,100,100,100,100,
Article,38.050,642 38050,64.2.38.050,Autres transferts de revenus non ventilés entre secteurs,60,27 100,100,100,100,100,
Section,64.3,643,64.3,Recettes de participations ou d'avances de l'Etat,1 730 444,2 400 000,2 400 000,2 400 000,2 400 000,2 400 000,
Article,28.001,643 28001,64.3.28.001,Ristournes concédées par la société électrique de l'Our en vertu du paragraphe 5 du contrat de fourniture d'énergie électrique signé le 30.4.1963 entre l'Etat et la S.E.O.,,1 000 000,1 000 000,1 000 000,1 000 000,1 000 000,
Article,28.003,643 28003,64.3.28.003,Redevances dues par les concessionnaires de pharmacies,1 730 444,1 400 000,1 400 000,1 400 000,1 400 000,1 400 000,
Section,64.4,644,64.4,Remboursements de dépenses,2 061 122,1 820 100,1 820 100,1 820 100,1 820 100,1 820 100,
Article,10.010,644 10010,64.4.10.010,Remboursements divers de sommes indûment touchées,761 456,400 000,400 000,400 000,400 000,400 000,
Article,11.350,644 11350,64.4.11.350,Remboursements divers de dépenses de personnel et de pensions par le secteur des ménages,958 245,1 000 000,1 000 000,1 000 000,1 000 000,1 000 000,
Article,12.090,644 12090,64.4.12.090,Ecostart: Remboursement de loyers d'immeubles et charges locatives accessoires avancés par l'Etat,,100,100,100,100,100,
Article,14.380,644 14380,64.4.14.380,Installations d'éclairage routier.- Remplacement des installations d'éclairage routier endommagées par suite d'accidents de la circulation routière ou par suite de travaux effectués par des tiers: remboursements,341 421,420 000,420 000,420 000,420 000,420 000,
Section,64.5,645,64.5,Douanes et accises,1 418 302 398,1 332 575 500,1 277 425 020,1 240 662 390,1 232 585 350,1 264 027 510,
Article,16.070,645 16070,64.5.16.070,Recettes d'exploitation (vente d'imprimés et divers),36 096,35 000,35 000,35 000,35 000,35 000,
Article,28.000,645 28000,64.5.28.000,Produit de la taxe sur l'électricité,990 710,1 100 000,1 100 000,1 100 000,1 100 000,1 100 000,
Article,36.010,645 36010,64.5.36.010,Part du Grand-Duché dans les recettes communes de l'union économique belgo-luxembourgeoise en matière de droits de douane et d'accise,1 066 587 161,987 000 000,945 139 020,906 992 950,887 626 420,908 557 490,
Article,36.011,645 36011,64.5.36.011,Droits d'accise autonomes luxembourgeois sur certaines huiles minérales,192 579 707,200 000 000,175 412 510,173 400 380,171 388 250,169 376 120,
Article,36.012,645 36012,64.5.36.012,Droits d'accise autonomes luxembourgeois sur les cigarettes,107 239 349,92 000 000,107 297 990,115 723 560,127 525 180,140 048 400,
Article,36.014,645 36014,64.5.36.014,Redevance de contrôle sur le fuel domestique,2 102 884,2 400 000,2 400 000,2 400 000,2 400 000,2 400 000,
Article,36.020,645 36020,64.5.36.020,Taxe sur les véhicules automoteurs,27 282 407,25 600 000,25 600 000,24 000 000,24 000 000,24 000 000,
Article,36.021,645 36021,64.5.36.021,Droit d'usage de certaines infrastructures routières par des véhicules utilitaires lourds,11 445 332,10 000 000,10 000 000,10 000 000,10 000 000,10 000 000,
Article,36.022,645 36022,64.5.36.022,Taxe sur les bateaux ou navires de plaisance,168 931,150 000,150 000,150 000,150 000,150 000,
Article,36.023,645 36023,64.5.36.023,Taxe de consommation sur le gaz naturel,4 202 875,10 000 000,4 500 000,4 600 000,4 600 000,4 600 000,
Article,36.024,645 36024,64.5.36.024,Surtaxe sur les boissons confectionnées,66 857,40 500,40 500,40 500,40 500,40 500,
Article,36.060,645 36060,64.5.36.060,Taxe sur les cabarets,649 704,630 000,630 000,600 000,600 000,600 000,
Article,36.071,645 36071,64.5.36.071,Intérêts de retard en matière de droits de douane et de taxes y assimilées à l'exclusion des droits d'accise communs,18 015,50 000,50 000,50 000,50 000,50 000,
Article,38.000,645 38000,64.5.38.000,Taxe de contrôle vétérinaire à l'importation,85 818,50 000,50 000,50 000,50 000,50 000,
Article,38.050,645 38050,64.5.38.050,"Produit d'amendes, de confiscations et recettes similaires",27 900,20 000,20 000,20 000,20 000,20 000,
Article,39.001,645 39001,64.5.39.001,Remboursement par l'union européenne des frais de perception des droits de douane constituant des ressources propres à ces communautés,4 818 652,3 500 000,5 000 000,1 500 000,3 000 000,3 000 000,
Section,64.6,646,64.6,"Impôts, droits et taxes",4 098 260 250,3 761 335 817,4 058 279 821,4 005 811 415,4 116 545 372,4 125 658 293,
Article,16.011,646 16011,64.6.16.011,"Recettes en relation avec les missions de contrôle, de règlementation et de supervision des activités aéronautiques",54 666,30 000,50 000,50 000,50 000,50 000,
Article,36.000,646 36000,64.6.36.000,Taxe sur la valeur ajoutée,3 023 197 331,2 703 078 000,2 776 100 849,2 657 009 855,2 734 945 450,2 698 944 564,
Article,36.030,646 36030,64.6.36.030,Droits d'hypothèques,34 174 239,31 300 000,34 300 000,36 500 000,38 700 000,40 900 000,
Article,36.031,646 36031,64.6.36.031,Hypothèques: salaires,964 974,950 000,980 000,990 000,990 000,990 000,
Article,36.032,646 36032,64.6.36.032,Taxe d'abonnement sur les titres de société,770 450 486,789 000 000,994 520 000,1 047 229 560,1 067 126 922,1 099 140 729,
Article,36.050,646 36050,64.6.36.050,Droits d'enregistrement,207 946 388,173 500 000,188 300 000,199 000 000,209 700 000,220 600 000,
Article,36.100,646 36100,64.6.36.100,Taxe sur les assurances,44 287 687,43 500 000,46 500 000,47 000 000,47 000 000,47 000 000,
Article,36.101,646 36101,64.6.36.101,Commissariat aux affaires maritimes: taxes d'immatriculation,1 241 034,3 300 000,850 000,850 000,850 000,850 000,
Article,38.040,646 38040,64.6.38.040,Part de l'Etat dans le droit d'adjudication des pêches (article 41 de la loi du 28.6.1976 portant réglementation de la pêche dans les eaux intérieures),12 623,12 817,12 472,15 000,15 000,15 000,
Article,38.041,646 38041,64.6.38.041,Examen d'aptitude pour l'obtention du premier permis de chasse: taxe,4 350,4 000,4 500,5 000,5 000,5 000,
Article,38.050,646 38050,64.6.38.050,Droits de timbre,14 124 997,14 860 000,15 160 000,15 360 000,15 360 000,15 360 000,
Article,39.010,646 39010,64.6.39.010,Taxes et annuités des brevets d'invention et participation aux recettes du bureau BENELUX des marques et des dessins ou modèles,1 801 475,1 800 000,1 500 000,1 800 000,1 800 000,1 800 000,
Article,39.011,646 39011,64.6.39.011,Recettes en relation avec la gestion de la flotte fluviale,,1 000,2 000,2 000,3 000,3 000,
Section,64.7,647,64.7,Recettes domaniales,67 997 051,79 401 680,90 369 240,91 686 400,91 686 400,91 686 400,
Article,16.000,647 16000,64.7.16.000,Loyers d'immeubles y compris les charges accessoires en provenance du secteur des administrations publiques,4 330 825,1 200 000,1 200 000,1 200 000,1 200 000,1 200 000,
Article,16.010,647 16010,64.7.16.010,Loyers d'immeubles y compris les charges accessoires en provenance des entreprises,52 002 407,62 800 000,74 200 000,74 500 000,74 500 000,74 500 000,
Article,16.020,647 16020,64.7.16.020,Loyers d'immeubles y compris les charges accessoires en provenance du secteur des administrations privées,435 517,394 000,426 000,426 000,426 000,426 000,
Article,16.050,647 16050,64.7.16.050,Domaine forestier de l'Etat: produit de ventes de bois,2 260 406,2 000 000,1 685 000,2 000 000,2 000 000,2 000 000,
Article,16.051,647 16051,64.7.16.051,Recettes provenant de l'institut viti-vinicole,33 572,25 000,70 000,125 000,125 000,125 000,
Article,16.052,647 16052,64.7.16.052,Loyers d'immeubles y compris les charges accessoires en provenance du secteur des ménages,3 421 963,4 840 000,3 900 000,4 430 000,4 430 000,4 430 000,
Article,16.060,647 16060,64.7.16.060,Loyers d'immeubles y compris les charges accessoires en provenance des communautés européennes,3 428 095,5 000 000,5 700 000,5 700 000,5 700 000,5 700 000,
Article,16.061,647 16061,64.7.16.061,Recettes d'exploitation du bâtiment administratif I (bâtiment-tour) et de ses annexes au centre européen de Luxembourg-Kirchberg,253 380,230 000,260 000,260 000,260 000,260 000,
Article,16.062,647 16062,64.7.16.062,Loyer du bâtiment administratif II (Robert Schuman) au centre européen de Luxembourg-Kirchberg,743 776,743 000,743 000,743 000,743 000,743 000,
Article,16.063,647 16063,64.7.16.063,Loyer du bâtiment de la cour de justice des communautés européennes,,100,100,100,100,100,
Article,16.070,647 16070,64.7.16.070,Etablissement piscicole de Lintgen: vente d'alevins et de truitelles; frais de repeuplement,19 615,62 000,62 000,62 000,62 000,62 000,
Article,16.071,647 16071,64.7.16.071,Produit des pépinières de l'Etat,10 311,15 000,12 000,15 000,15 000,15 000,
Article,16.072,647 16072,64.7.16.072,Ventes mobilières,150,2 500,2 500,2 500,2 500,2 500,
Article,17.000,647 17000,64.7.17.000,Vente de biens militaires durables,,100,100,100,100,100,
Article,28.000,647 28000,64.7.28.000,Parking du St Esprit: redevance d'exploitation,830 819,1 000 000,1 000 000,1 000 000,1 000 000,1 000 000,
Article,28.020,647 28020,64.7.28.020,Domaine forestier de l'Etat: produits du droit de chasse et du droit de pêche,226 215,230 000,120 540,230 000,230 000,230 000,
Article,28.021,647 28021,64.7.28.021,Recettes en relation avec la gestion du domaine public fluvial,,859 980,988 000,992 700,992 700,992 700,
Section,64.8,648,64.8,Recettes d'exploitation et autres,31 460 830,30 997 900,39 379 400,28 531 500,28 076 500,28 076 500,
Article,12.320,648 12320,64.8.12.320,Remboursements de frais relatifs à la surveillance des personnes exposées professionnellement aux radiations ionisantes,82 981,110 000,80 000,80 000,80 000,80 000,
Article,12.321,648 12321,64.8.12.321,Taxes sécurité alimentaire,,320 000,320 000,320 000,320 000,320 000,
Article,12.322,648 12322,64.8.12.322,Pharmacie: perception de nouvelles taxes liées à l'autorisation de mise sur le marché d'un médicament,,664 000,2 500,2 500,2 500,2 500,
Article,12.323,648 12323,64.8.12.323,Taxe sur la délivrance de l'autorisation d'exercer dans le domaine de la Santé,,400 000,300 000,400 000,400 000,400 000,
Article,12.360,648 12360,64.8.12.360,Recouvrement des frais de repeuplement occasionnés par l'exécution du repeuplement obligatoire dans les eaux intérieures de la deuxième catégorie,3 767,5 600,5 600,5 600,5 600,5 600,
Article,12.361,648 12361,64.8.12.361,Recettes en relation avec des prestations par des services relevant du département de l'agriculture,55 519,233 000,396 000,433 000,438 000,438 000,
Article,12.380,648 12380,64.8.12.380,Recouvrement des frais de justice et remboursement des frais d'exécution de commissions rogatoires transmises à l'étranger,570 037,450 000,500 000,500 000,500 000,500 000,
Article,16.046,648 16046,64.8.16.046,Services conventionnés du Ministère de la Santé: remboursements par les services conventionnés du Ministère de la Santé,355 413,1 000 000,750 000,750 000,750 000,750 000,
Article,16.070,648 16070,64.8.16.070,Recettes en relation avec la publication au mémorial,6 198 363,6 000 000,6 000 000,1 000 000,500 000,500 000,
Article,16.074,648 16074,64.8.16.074,Ventes de biens non durables et de services (non ventilé entre secteurs),37 020,50 000,50 000,50 000,50 000,50 000,
Article,16.075,648 16075,64.8.16.075,Régime de taxation des autorisations,,,0,0,40 000,40 000,
Article,16.076,648 16076,64.8.16.076,Impôt spécial en charge des assureurs dans l'intérêt du service des secours,,,5 610 000,100,100,100,
Article,28.000,648 28000,64.8.28.000,"Redevance concédée par le bénéficiaire dans le cadre de l'exécution du règlement grand-ducal relatif à la production, la rémunération et la commercialisation de biogaz",1 406 273,1 375 000,1 875 000,1 500 000,1 500 000,1 500 000,
Article,36.100,648 36100,64.8.36.100,Droits en sus et amendes,4 070 786,4 250 000,4 250 000,4 250 000,4 250 000,4 250 000,
Article,36.101,648 36101,64.8.36.101,Recettes provenant des droits perçus en matière d'autorisation de produits biocides,28 750,20 000,20 000,20 000,20 000,20 000,
Article,38.000,648 38000,64.8.38.000,Contrôle des spécialités pharmaceutiques: taxes d'immatriculation,1 152 730,875 000,1 800 000,1 800 000,1 800 000,1 800 000,
Article,38.001,648 38001,64.8.38.001,Autres transferts de revenus des entreprises,352 249,325 000,325 000,325 000,325 000,325 000,
Article,38.002,648 38002,64.8.38.002,Recettes d'expertises relatives aux programmes d'essais cliniques des médicaments,,100,100,100,100,100,
Article,38.004,648 38004,64.8.38.004,Taxes d'expertises relatives aux organismes génétiquement modifiés,,100,100,100,100,100,
Article,38.005,648 38005,64.8.38.005,Recettes destinées à couvrir les frais d'évacuation de déchets,,100,100,100,100,100,
Article,38.006,648 38006,64.8.38.006,Taxe rémunératoire en matière de régimes complémentaires de pension,2 634 331,700 000,2 500 000,2 500 000,2 500 000,2 500 000,
Article,38.007,648 38007,64.8.38.007,Taxes d'instruction et taxes annuelles en relation avec les licences d'exploitation et les cartes de conducteurs de taxis,,570 000,445 000,445 000,445 000,445 000,
Article,38.050,648 38050,64.8.38.050,Frais d'adjudications publiques pour compte de l'Etat,159 495,200 000,200 000,200 000,200 000,200 000,
Article,38.051,648 38051,64.8.38.051,"Amendes de condamnations diverses, dommages-intérêts, restitution de droits fraudés, confiscations en numéraire, peines disciplinaires et diverses amendes d'ordre",13 870 316,13 000 000,13 500 000,13 500 000,13 500 000,13 500 000,
Article,38.052,648 38052,64.8.38.052,Récupération d'indemnités versées en vertu de la loi modifiée du 12 mars 1984 relative à l'indemnisation de certaines victimes de dommages corporels,70 052,50 000,50 000,50 000,50 000,50 000,
Article,38.054,648 38054,64.8.38.054,Autres transferts de revenus (non ventilés entre secteurs),412 748,400 000,400 000,400 000,400 000,400 000,
Section,64.9,649,64.9,Remboursements,1 877 242,1 810 200,1 810 200,1 810 200,1 810 200,1 810 200,
Article,12.360,649 12360,64.9.12.360,"Recouvrement des sommes avancées par l'Etat pour l'aménagement et l'entretien d'installations et de dispositifs permettant le libre passage du poisson, de grils empêchant le passage du poisson ainsi que de passages à l'usage des pêcheurs (articles 17,23 et 57 de la loi du 28.6.1976 portant réglementation de la pêche dans les eaux intérieures)",,100,100,100,100,100,
Article,12.361,649 12361,64.9.12.361,Recouvrement des sommes avancées par l'Etat pour le reboisement de terrains en exécution de la loi sur la protection des bois et pour la lutte contre les organismes nuisibles,,100,100,100,100,100,
Article,12.380,649 12380,64.9.12.380,Recouvrement des frais de poursuite et d'instance,31 462,35 000,35 000,35 000,35 000,35 000,
Article,12.381,649 12381,64.9.12.381,Assistance judiciaire et procédure en débet: recouvrements,4 574,5 000,5 000,5 000,5 000,5 000,
Article,14.380,649 14380,64.9.14.380,Remboursement des frais avancés dans l'intérêt de la réparation des dégâts causés par les usagers de la route à la voirie de l'Etat et à ses dépendances,1 831 006,1 750 000,1 750 000,1 750 000,1 750 000,1 750 000,
Article,38.000,649 38000,64.9.38.000,Remboursement d'aides financières de l'Etat pour études supérieures (article 10 de la loi du 8.12.1977); remboursements d'aides de l'Etat pour autres études,10 200,20 000,20 000,20 000,20 000,20 000,
Département,65,65,65,Ministère des Finances: Trésor,270 133 371,241 227 746,257 765 696,259 715 281,260 607 986,261 427 816,
Section,65.0,650,65.0,Recettes versées par les communes et syndicats de communes,8 405 374,8 527 500,8 627 700,8 632 820,8 647 920,8 657 930,
Article,11.300,650 11300,65.0.11.300,"Communes, syndicats de communes et autres organismes implantés dans les communes assimilés: remboursement des dépenses de personnel en relation avec l'administration des bois",1 930 378,2 000 000,1 800 000,2 025 000,2 030 000,2 030 000,
Article,11.301,650 11301,65.0.11.301,Communes: remboursement de salaires d'ouvriers forestiers et autres frais de débardage,6 445 736,6 500 000,6 800 000,6 580 000,6 590 000,6 600 000,
Article,11.302,650 11302,65.0.11.302,Communes: remboursements de dépenses de personnel mis à disposition par l'Etat,,1 000,1 000,1 000,1 000,1 000,
Article,12.300,650 12300,65.0.12.300,Communes: versement de la part contributive aux dépenses de fonctionnement des installations d'éclairage routier de la voirie de l'Etat,27 619,25 000,25 200,25 300,25 400,25 400,
Article,12.301,650 12301,65.0.12.301,Communes: contribution aux coûts de la certification de groupe FSC,1 641,1 500,1 500,1 520,1 520,1 530,
Section,65.1,651,65.1,Recettes versées par les établissements de sécurité sociale,4 024 452,501 200,1 001 200,1 011 200,1 014 200,1 016 200,
Article,11.353,651 11353,65.1.11.353,Organismes de la sécurité sociale: remboursement de dépenses de personnel et de pensions,1 162,1 000,1 000,1 000,1 000,1 000,
Article,16.000,651 16000,65.1.16.000,Caisse de pension des fonctionnaires et employés communaux: participation au frais d'investissement pour l'implémentation d'un système intégré de gestion du personnel de l'Etat,,100,100,100,100,100,
Article,42.000,651 42000,65.1.42.000,Caisse nationale d'assurance pension: restitution sur la contribution versée par l'Etat pour cotisations d'assurance pension,,100,100,100,100,100,
Article,42.002,651 42002,65.1.42.002,Organismes de la sécurité sociale: restitution sur la contribution versée par l'Etat,4 023 290,500 000,1 000 000,1 010 000,1 013 000,1 015 000,
Section,65.2,652,65.2,Recettes et bénéfices versés par les établissements publics,62 602 994,60 800 300,75 694 900,76 509 000,76 810 600,76 970 200,
Article,11.300,652 11300,65.2.11.300,Etablissements publics: remboursement des dépenses de personnel en relation avec l'administration des bois,98 196,100 000,90 000,101 500,101 500,110 000,
Article,11.301,652 11301,65.2.11.301,Etablissements publics: remboursement des salaires d'ouvriers forestiers et autres frais de débardage,125 550,150 000,150 000,151 500,152 000,152 500,
Article,11.320,652 11320,65.2.11.320,CHL (Centre hospitalier de Luxembourg): remboursement des traitements et indemnités avancés par l'Etat concernant certaines catégories de personnel de la maternité Grande-Duchesse Charlotte et de la clinique pour enfants,,100 000,100,100,100,100,
Article,11.321,652 11321,65.2.11.321,Centre thermal et de santé de Mondorf: remboursement des traitements et indemnités de certaines catégories de personnel,413 574,400 000,404 000,405 000,406 000,406 500,
Article,11.323,652 11323,65.2.11.323,Autres établissements publics: remboursements de dépenses de personnel avancées par l'Etat,72 331,100,15 000 000,15 100 000,15 200 000,15 250 000,
Article,27.000,652 27000,65.2.27.000,Etablissements publics divers: part de l'Etat dans le bénéfice,,,100,100,100,100,
Article,28.015,652 28015,65.2.28.015,P. et T. (Entreprise des postes et télécommunications): part de l'Etat dans le bénéfice,20 000 000,20 000 000,20 000 000,20 200 000,20 300 000,20 350 000,
Article,28.016,652 28016,65.2.28.016,BCEE (Banque et Caisse d'Epargne de l'Etat): part de l'Etat dans le bénéfice,40 000 000,40 000 000,40 000 000,40 500 000,40 600 000,40 650 000,
Article,28.017,652 28017,65.2.28.017,ILR (Institut luxembourgeois de régulation): part de l'Etat dans le bénéfice,,100,100,100,100,100,
Article,38.000,652 38000,65.2.38.000,BCL (Banque Centrale du Luxembourg): part de l'Etat dans le bénéfice,,100,100,100,100,100,
Article,42.310,652 42310,65.2.42.310,"Fonds national de solidarité: versement des recettes et recouvrements, remboursements",1 893 343,50 000,50 500,50 600,50 700,50 800,
Section,65.3,653,65.3,Recettes et remboursements versés par le secteur des sociétés et quasi-sociétés financières et non-financières,2 711 459,2 166 100,2 062 850,1 951 350,1 969 700,1 988 300,
Article,10.320,653 10320,65.3.10.320,Secteur des sociétés et quasi-sociétés non-financières: versement des frais de surveillance,129 447,150 000,100,,,,
Article,11.320,653 11320,65.3.11.320,Secteur des sociétés et quasi-sociétés non-financières: remboursement de dépenses de personnel et de pensions (commissaires du gouvernement),431 258,200 000,202 000,202 500,203 000,203 500,
Article,11.330,653 11330,65.3.11.330,Secteur des institutions de crédit: remboursement de dépenses de personnel et de pensions,135 418,130 000,130 000,,,,
Article,11.340,653 11340,65.3.11.340,Caisse d'assurance des animaux de boucherie: remboursement de 50 % des traitements et indemnités avancés par l'Etat,37 592,37 000,37 000,37 450,37 500,37 600,
Article,16.010,653 16010,65.3.16.010,SNCFL (Société nationale des chemins de fer): participation au frais d'investissement pour l'implémentation d'un système intégré de gestion du personnel de l'Etat,,100,100,100,100,100,
Article,16.071,653 16071,65.3.16.071,Secteur des sociétés d'assurances: indemnisation pour sinistres subis et immobilisations,32 894,50 000,50 500,50 600,50 700,50 800,
Article,38.000,653 38000,65.3.38.000,ILNAS: remboursement des frais d'audit,167 796,248 000,278 650,292 600,307 200,322 500,
Article,38.003,653 38003,65.3.38.003,Administration des Services Vétérinaires: inspection des viandes,,300 000,303 000,303 500,304 500,305 000,
Article,38.010,653 38010,65.3.38.010,Remboursement de dépôts de garantie (bancaire/locative),93,1 000,1 000,1 000,1 000,1 000,
Article,38.011,653 38011,65.3.38.011,Remboursement d'aides étatiques,40 188,50 000,50 500,50 600,50 700,50 800,
Article,38.012,653 38012,65.3.38.012,SNCFL (Société nationale des chemins de fer): remboursement suivant décompte prévu par convention: avances de l'Etat pour le service public,1 736 773,1 000 000,1 010 000,1 013 000,1 015 000,1 017 000,
Section,65.4,654,65.4,Recettes versées par les comptables extraordinaires,29 304 930,28 097 900,28 493 050,28 873 315,28 986 670,29 039 800,
Article,10.011,654 10011,65.4.10.011,Comptables extraordinaires: remboursement de la part excédentaire des crédits mis à disposition,1 339 168,1 000 000,1 011 000,1 013 000,1 015 000,1 017 000,
Article,11.000,654 11000,65.4.11.000,Remboursement divers de dépenses de personnel et de pensions par l'Administration de la Navigation Aérienne,11 320 252,10 000 000,10 110 000,10 130 000,10 150 000,10 170 000,
Article,16.000,654 16000,65.4.16.000,Recettes provenant de la vente d'ouvrages publiés par l'Etat,2 065 022,2 100 000,2 100 000,2 125 000,2 130 000,2 135 000,
Article,16.010,654 16010,65.4.16.010,Recettes provenant de la tenue de cours à l'intention des travailleurs,45 240,30 000,30 300,30 350,30 400,30 500,
Article,16.034,654 16034,65.4.16.034,LNS (Laboratoire national de santé): versement des recettes,,100,100,,,,
Article,16.040,654 16040,65.4.16.040,Maison d'enfants de l'Etat: versement des frais d'entretien recouvrés des pensionnaires,241 721,265 000,265 000,265 000,265 000,265 000,
Article,16.041,654 16041,65.4.16.041,Office luxembourgeois de l'Accueil et de l'Intégration: versement des recettes des centres de logement et des foyers d'accueil pour travailleurs migrants et pour réfugiés; recettes diverses,553 856,900 000,960 000,911 000,913 000,915 000,
Article,16.042,654 16042,65.4.16.042,"Ministère de la Famille et de l'Intégration: recettes du service Solidarité, participation aux frais de placement à l'étranger",3 284,10 000,10 100,10 130,10 150,10 170,
Article,16.043,654 16043,65.4.16.043,ONE: versement des recettes payées par les bénéficiaires des mesures d'aide sociale à l'enfance,2 659 883,1 800 000,2 600 000,2 600 000,2 600 000,2 600 000,
Article,16.050,654 16050,65.4.16.050,Département de l'agriculture: versement des recettes et remboursements,217 669,200 000,544 000,572 875,623 750,623 750,
Article,16.051,654 16051,65.4.16.051,"Département de l'éducation nationale de l'enfance et de la jeunesse: versement des recettes provenant de la vente de biens non durables et de services, autres recettes diverses",2 337,2 437 500,1 700,1 700,1 700,1 700,
Article,16.052,654 16052,65.4.16.052,Administration du cadastre et de la topographie: versement des recettes,1 832 297,1 800 000,1 900 000,1 920 000,1 925 000,1 930 000,
Article,16.053,654 16053,65.4.16.053,INS (Institut national des sports à Luxembourg-Fetschenhof): versement des recettes,88 252,146 000,147 500,147 800,148 000,148 400,
Article,16.056,654 16056,65.4.16.056,"Département de la culture, de l'enseignement supérieur et de la recherche: versement des recettes provenant de la vente de biens non durables et de services, autres recettes diverses",53 306,35 000,35 300,35 400,35 500,35 500,
Article,16.057,654 16057,65.4.16.057,CTIE (Centre des Technologies de l'Information de l'Etat): recettes provenant de la production de cartes d'identité,,,500 000,505 000,506 000,507 000,
Article,16.058,654 16058,65.4.16.058,CTIE (Service central des imprimés et fournitures de bureau de l'Etat): versement des recettes autres que de publications,340 118,100,100,,,,
Article,16.070,654 16070,65.4.16.070,"Armée luxembourgeoise: versement des recettes provenant de la vente de tickets de repas, recettes diverses et remboursements",2 548 990,500 000,505 000,506 000,507 000,508 000,
Article,16.071,654 16071,65.4.16.071,Police grand-ducale: versement des recettes et remboursements,130 409,100 000,101 000,101 300,101 500,101 700,
Article,16.072,654 16072,65.4.16.072,Centres pénitentiaires: versement du produit du travail des détenus et autres recettes,1 551 351,950 000,714 200,1 010 000,1 013 000,1 015 000,
Article,16.073,654 16073,65.4.16.073,Centres socio-éducatifs de l'Etat: versement des recettes,272 736,300 000,280 000,280 000,280 000,280 000,
Article,16.074,654 16074,65.4.16.074,Administration des douanes et accises: versement des recettes pour effets d'habillement,89 663,50 000,50 500,50 600,50 700,50 800,
Article,16.075,654 16075,65.4.16.075,Recettes provenant de l'exploitation de la centrale des bilans,,100,100,100,100,100,
Article,16.079,654 16079,65.4.16.079,ILNAS: versement des recettes et avances perçues pour la mise à la disposition de normes,185 648,125 000,186 000,189 000,192 000,195 000,
Article,16.080,654 16080,65.4.16.080,ILNAS: recettes provenant de la surveillance du marché relatives à des produits non conformes,,1 000,1 000,1 000,1 000,1 000,
Article,16.081,654 16081,65.4.16.081,ILNAS: recettes provenant de la mise à disposition de la chambre anéchoïque du laboratoire d'essais de l'ILNAS,,,100,100,100,100,
Article,36.100,654 36100,65.4.36.100,Redevances à percevoir sur les analyses du laboratoire de l'Administration de la gestion de l'eau,,100,1 234 000,1 234 000,1 234 000,1 234 000,
Article,36.101,654 36101,65.4.36.101,Taxe liée aux frais de police en matière de police judiciaire et de police administrative,,342 000,100 000,100 000,100 000,100 000,
Article,38.040,654 38040,65.4.38.040,Département de l'éducation nationale et de la formation professionnelle: versement de droits d'inscription aux cours des adultes et d'autres recettes diverses,,0,0,,,,
Article,38.041,654 38041,65.4.38.041,Département des affaires étrangères: versement des recettes et remboursements,3 508 254,0,0,,,,
Article,38.042,654 38042,65.4.38.042,Armée luxembourgeoise: versement des recettes provenant de la cantine des volontaires de l'armée,56 989,50 000,50 500,50 600,50 700,50 800,
Article,38.043,654 38043,65.4.38.043,Coopération au Développement: remboursement d'excédents de cofinancement à l'aide humanitaire,95 617,100 000,101 000,101 300,101 500,101 700,
Article,38.044,654 38044,65.4.38.044,Taxes perçues sur les titres délivrés par le bureau des passeports et visas,,2 141 371,2 150 000,2 160 000,2 170 000,2 175 000,
Article,38.045,654 38045,65.4.38.045,Immigration: produit de la taxe perçue sur la délivrance des titres de séjour pour ressortisants de pays tiers,,621 143,625 000,625 000,630 000,631 500,
Article,38.046,654 38046,65.4.38.046,Départements des affaires étrangères: autres recettes et remboursements,,922 486,1 000 000,1 011 000,1 013 000,1 015 000,
Article,38.047,654 38047,65.4.38.047,Département des Sports: versement des recettes,,1 000,1 000,1 000,1 000,1 000,
Article,38.051,654 38051,65.4.38.051,Autres transferts de revenus non ventilés entre secteurs,,1 000 000,1 011 000,1 013 000,1 015 000,1 017 000,
Article,38.055,654 38055,65.4.38.055,Administration des ponts et chaussées: versement des recettes d'analyses et d'essais,9 348,5 000,5 050,5 060,5 070,5 080,
Article,39.000,654 39000,65.4.39.000,Département de l'économie: versement des recettes et remboursements,93 520,165 000,162 500,167 000,167 500,168 000,
Section,65.5,655,65.5,Participations de l'Etat dans des sociétés de droit privé,132 558 923,125 804 746,126 004 746,127 004 746,127 504 746,128 004 746,
Article,27.000,655 27000,65.5.27.000,Société nationale des habitations à bon marché S.A.: dividende,,100,100,100,100,100,
Article,28.004,655 28004,65.5.28.004,SNCT sàrl (Société nationale de contrôle technique): recettes d'exploitation (part de l'Etat),9 293,4 646,4 646,4 646,4 646,4 646,
Article,28.010,655 28010,65.5.28.010,Recettes provenant de la participation de l'Etat dans le capital de sociétés anonymes,132 549 630,125 800 000,126 000 000,127 000 000,127 500 000,128 000 000,
Section,65.6,656,65.6,Recettes versées par les institutions de l'Union européenne et par d'autres organismes internationaux,2 447 383,2 452 800,2 610 800,2 655 730,2 698 480,2 751 420,
Article,10.000,656 10000,65.6.10.000,Institutions de l'Union européenne et autres organismes internationaux publics ou privés: contribution aux frais de la Présidence luxembourgeoise,,100 000,100 000,101 000,101 500,101 700,
Article,10.010,656 10010,65.6.10.010,Recettes et remboursements dans le cadre de la coopération internationale,757 071,500 000,505 000,506 000,507 000,508 000,
Article,11.300,656 11300,65.6.11.300,Institutions de l'Union Européenne: remboursement de frais de voyage et de réunions,33 946,10 000,10 100,10 130,10 150,10 170,
Article,11.301,656 11301,65.6.11.301,Institutions de l'Union Européenne: remboursement de dépenses de personnel,14 182,100,100,100,100,100,
Article,11.302,656 11302,65.6.11.302,Institutions internationales autres que l'U.E.: remboursement de frais de voyage et de réunions,3 304,1 000,1 000,1 000,1 000,1 000,
Article,11.360,656 11360,65.6.11.360,Institutions internationales autres que l'U.E.: remboursement de dépenses de personnel et de pensions,14 634,300 000,303 000,303 500,304 000,305 000,
Article,11.361,656 11361,65.6.11.361,Société internationale de la Moselle: remboursement de dépenses du personnel d'exploitation des barrages-écluses de la Moselle,1 061 188,1 100 000,1 150 000,1 200 000,1 250 000,1 300 000,
Article,12.360,656 12360,65.6.12.360,"Communautés Européennes et autres organismes: remboursement des frais de stockage public et d'autres frais connexes résultant de l'achat, de la transformation ainsi que de l'écoulement de produits agricoles par les organismes d'intervention",,100,100,100,100,100,
Article,12.380,656 12380,65.6.12.380,Union Européenne: participation aux dépenses en relation avec des activités d'information du citoyen européen,,100,100,100,100,100,
Article,14.010,656 14010,65.6.14.010,Société internationale de la Moselle canalisée sàrl/Internationale Mosel GmbH: remboursement forfaitaire des frais d'entretien du secteur luxembourgeois de la Moselle canalisée,281 208,240 000,230 000,220 000,210 000,210 000,
Article,16.045,656 16045,65.6.16.045,Régions-partenaires: contribution à des actions menées dans le cadre de la Grande Région,54 783,100 000,101 000,101 300,101 500,101 700,
Article,39.000,656 39000,65.6.39.000,Communautés européennes: remboursement des frais de financement relatifs au stockage public de produits agricoles achetés par les organismes d'intervention,,100,100,100,100,100,
Article,39.001,656 39001,65.6.39.001,Union Européenne : participation aux dépenses dans le cadre du Fonds européen pour le retour et du Fonds Asile Migration ,218 762,100,200 000,202 000,202 500,203 000,
Article,39.003,656 39003,65.6.39.003,FEDER (Fonds européen de développement régional): concours financiers,,100,100,100,100,100,
Article,39.004,656 39004,65.6.39.004,Communautés Européennes: remboursement des frais de perception des prélèvements agricoles et d'autres recettes constituant des ressources propres à ces communautés,,100,100,100,100,100,
Article,39.007,656 39007,65.6.39.007,"Commission Européenne: Remboursement FEDER par l'opérateur chef de file des frais avancés par l'Etat dans le cadre du projet INTERREG ""ProHolz - ProBois""",,100,0,,,,
Article,39.008,656 39008,65.6.39.008,"Institutions de l'Union Européenne: remboursement de frais relatifs à l'enregistrement, l'évaluation et l'autorisation des substances chimiques (REACH)",8 305,1 000,10 000,10 100,10 130,10 150,
Article,53.000,656 53000,65.6.53.000,FEADER (Fonds européen agricole pour le développement rural): participation aux dépenses résultant de l'application des actions du plan de développement rural suivant les règlements CE no 1698/05 du 20.09.05 et 1290/05 du 21.06.05,,100 000,100,100,100,100,
Section,65.7,657,65.7,Recettes d'exploitation,9 978 390,3 356 000,3 686 050,3 697 560,3 704 070,3 715 580,
Article,10.002,657 10002,65.7.10.002,Caisse de consignation: versement de recettes suivant la loi du 29 avril 1999,40 002,5 000,5 050,5 060,5 070,5 080,
Article,16.010,657 16010,65.7.16.010,Recettes provenant du régime temporaire de garantie en vue du redressement économique en application de la loi du 29 mai 2009,420 000,0,0,,,,
Article,16.011,657 16011,65.7.16.011,Recettes provenant du régime temporaire d'aide au redressement économique en application de la loi du 29 mai 2009 et des aides de minimis accordées dans le cadre du soutien au redressement économique,284 000,150 000,150 000,151 500,152 000,152 500,
Article,26.010,657 26010,65.7.26.010,Intérêts de fonds en dépôt,7 403 895,3 000 000,3 030 000,3 035 000,3 040 000,3 050 000,
Article,29.000,657 29000,65.7.29.000,Gains de change en relation avec des paiements de factures en devises,910 446,200 000,500 000,505 000,506 000,507 000,
Article,38.000,657 38000,65.7.38.000,Recettes diverses provenant de la gestion de la trésorerie,920 047,1 000,1 000,1 000,1 000,1 000,
Section,65.8,658,65.8,Autres recettes courantes effectuées par la Trésorerie de l'Etat,18 099 466,9 521 200,9 584 400,9 379 560,9 271 600,9 283 640,
Article,10.000,658 10000,65.8.10.000,"Débiteurs de l'Etat: remboursement de paiements excédentaires, non-dus ou faisant double emploi",1 324 570,1 000 000,1 010 000,1 013 000,1 015 000,1 017 000,
Article,10.002,658 10002,65.8.10.002,"Remboursements d'assistance, stage et assignation judiciaire, partie civile et autres frais en relation avec le département de la Justice",63 428,10 000,10 100,10 130,10 150,10 170,
Article,10.003,658 10003,65.8.10.003,Remboursements en relation avec des projets cofinancés par la Communauté Européenne,844 666,10 000,377 100,130 130,10 150,10 170,
Article,10.004,658 10004,65.8.10.004,Remboursements d'indemnisation versée par l'Etat à certaines victimes,200,100,100,100,100,100,
Article,10.010,658 10010,65.8.10.010,Recettes diverses non ventilées,7 140 572,4 000 000,3 000 000,3 030 000,3 035 000,3 040 000,
Article,16.040,658 16040,65.8.16.040,Services conventionnés par l'Etat: remboursement de la part excédentaire des frais de fonctionnement reçus par l'Etat,8 724 257,4 500 000,4 550 000,4 560 000,4 565 000,4 570 000,
Article,16.050,658 16050,65.8.16.050,Perception d'une redevance pour l'équivalence des diplômes,,,636 000,636 000,636 000,636 000,
Article,38.001,658 38001,65.8.38.001,Agents de l'Etat: remboursement de loyer pour logement de service trop perçu après cessation de bail,1 773,1 000,1 000,100,100,100,
Article,38.052,658 38052,65.8.38.052,Dons en faveur du fonds pour les monuments historiques,,100,100,100,100,100,
Chapitre,II,II,II,RECETTES EN CAPITAL,86 660 239,73 043 900,90 214 500,90 244 900,90 250 000,83 255 200,
Département,94,94,94,Ministère des Finances,76 719 297,65 520 200,83 070 200,83 070 200,83 070 200,76 070 200,
Section,94.1,941,94.1,Autres recettes en capital,76 719 297,65 520 200,83 070 200,83 070 200,83 070 200,76 070 200,
Article,56.000,941 56000,94.1.56.000,Recouvrements à faire sur la base de la législation sur les dommages de guerre,,100,100,100,100,100,
Article,56.040,941 56040,94.1.56.040,Droits de succession,74 036 404,60 000 000,70 000 000,70 000 000,70 000 000,70 000 000,
Article,57.010,941 57010,94.1.57.010,Consignations à porter définitivement en recettes au profit du Trésor (arrêté grand-ducal du 9.7.1945),56 330,70 000,70 000,70 000,70 000,70 000,
Article,58.010,941 58010,94.1.58.010,Remboursement des participations aux frais de construction d'ensembles destinés à la vente ou à la location,,100,100,100,100,100,
Article,58.031,941 58031,94.1.58.031,Ventes mobilières: produit des ventes d'objets saisis et confisqués,725 410,450 000,500 000,500 000,500 000,500 000,
Article,76.040,941 76040,94.1.76.040,Vente de bâtiments à l'intérieur du secteur des administrations publiques,857 070,1 500 000,1 500 000,1 500 000,1 500 000,1 500 000,
Article,76.050,941 76050,94.1.76.050,Vente de bâtiments à des secteurs autres que le secteur des administrations publiques,373 607,3 000 000,10 500 000,10 500 000,10 500 000,3 500 000,
Article,77.030,941 77030,94.1.77.030,Ventes de biens meubles durables,670 476,500 000,500 000,500 000,500 000,500 000,
Département,95,95,95,Ministère des Finances: Trésor,9 940 942,7 523 700,7 144 300,7 174 700,7 179 800,7 185 000,
Section,95.0,950,95.0,"Emprunts, certificats et autres recettes de trésorerie",985 047,500,500,500,500,500,
Article,58.030,950 58030,95.0.58.030,Recettes en relation avec l'émission et le retrait de signes monétaires,575 000,100,100,100,100,100,
Article,84.090,950 84090,95.0.84.090,Institutions financière internationales: versements en rapport avec l'ajustement de la souscription du Grand-Duché versée en monnaie nationale à l'évolution de la valeur du dollar américain,,100,100,100,100,100,
Article,96.000,950 96000,95.0.96.000,Produits d'emprunts nouveaux,,100,100,100,100,100,
Article,96.001,950 96001,95.0.96.001,Emission de certificats de trésorerie,,100,100,100,100,100,
Article,96.002,950 96002,95.0.96.002,Débiteurs de l'Etat: remboursement de prêts octroyés par l'Etat,410 047,100,100,100,100,100,
Section,95.1,951,95.1,Autres recettes en capital effectuées par la Trésorerie de l'Etat,8 955 895,7 523 200,7 143 800,7 174 200,7 179 300,7 184 500,
Article,12.371,951 12371,95.1.12.371,Commission Européenne: participation au projet RICA,56 521,72 000,72 500,72 900,73 000,73 200,
Article,17.000,951 17000,95.1.17.000,Pays membres de l'O.T.A.N.: remboursements relatifs à des travaux internationaux à intérêt commun exécutés par le Grand-Duché,,100,100,100,100,100,
Article,53.360,951 53360,95.1.53.360,Débiteurs de l'Etat: remboursement de primes ou de subventions accordées dans l'intérêt de l'accession à la propriété immobilière,7 396 234,7 000 000,7 070 000,7 100 000,7 105 000,7 110 000,
Article,59.000,951 59000,95.1.59.000,FEDER (Fonds européen de développement régional): participation aux dépenses résultant de l'aménagement de zones industrielles et de l'exécution de projets analogues,,450 000,100,100,100,100,
Article,63.007,951 63007,95.1.63.007,Remboursement d'aides revenant aux communes pour financer le coût des infrastructures liées à l'augmentation substantielle du nombre de leurs habitants,,100,100,100,100,100,
Article,86.030,951 86030,95.1.86.030,Recettes provenant de la vente de participations de l'Etat,1 503 140,1 000,1 000,1 000,1 000,1 000,
